arm,feature_set,month,n_games,powered,sim_mean,actual_mean,mean_delta,sim_sd,actual_sd,sd_delta,pass
empirical,A_state,1,1358,True,69.433,67.653,1.78,3.414,4.907,-1.493,False
empirical,A_state,2,1203,True,69.22,67.341,1.879,3.343,4.847,-1.504,False
empirical,A_state,3,734,True,69.216,67.582,1.634,3.252,4.852,-1.6,False
empirical,A_state,4,16,False,70.281,69.062,1.219,2.881,4.505,-1.624,False
empirical,A_state,11,1125,True,69.58,69.487,0.094,3.412,5.234,-1.823,False
empirical,A_state,12,883,True,69.581,68.668,0.913,3.368,5.302,-1.934,False
empirical,B_plus_teams,1,1358,True,69.138,67.653,1.485,4.246,4.907,-0.661,False
empirical,B_plus_teams,2,1203,True,68.595,67.341,1.254,4.262,4.847,-0.586,False
empirical,B_plus_teams,3,734,True,68.399,67.582,0.817,4.126,4.852,-0.726,True
empirical,B_plus_teams,4,16,False,68.5,69.062,-0.562,3.322,4.505,-1.183,False
empirical,B_plus_teams,11,1125,True,70.257,69.487,0.77,4.263,5.234,-0.972,False
empirical,B_plus_teams,12,883,True,69.666,68.668,0.998,4.143,5.302,-1.159,False
empirical,C_plus_score,1,1358,True,69.046,67.653,1.393,4.294,4.907,-0.613,False
empirical,C_plus_score,2,1203,True,68.498,67.341,1.158,4.264,4.847,-0.583,False
empirical,C_plus_score,3,734,True,68.392,67.582,0.811,4.264,4.852,-0.587,True
empirical,C_plus_score,4,16,False,68.188,69.062,-0.875,3.076,4.505,-1.429,False
empirical,C_plus_score,11,1125,True,70.493,69.487,1.007,4.286,5.234,-0.949,False
empirical,C_plus_score,12,883,True,69.777,68.668,1.109,4.19,5.302,-1.112,False
empirical,D_plus_season,1,1358,True,69.308,67.653,1.655,4.28,4.907,-0.627,False
empirical,D_plus_season,2,1203,True,68.747,67.341,1.406,4.257,4.847,-0.59,False
empirical,D_plus_season,3,734,True,68.617,67.582,1.035,4.23,4.852,-0.622,False
empirical,D_plus_season,4,16,False,68.438,69.062,-0.625,3.146,4.505,-1.359,False
empirical,D_plus_season,11,1125,True,70.72,69.487,1.234,4.237,5.234,-0.997,False
empirical,D_plus_season,12,883,True,70.041,68.668,1.373,4.132,5.302,-1.17,False
lognormal,A_state,1,1358,True,66.415,67.653,-1.238,4.614,4.907,-0.293,False
lognormal,A_state,2,1203,True,66.148,67.341,-1.193,4.38,4.847,-0.467,False
lognormal,A_state,3,734,True,66.195,67.582,-1.387,4.472,4.852,-0.38,False
lognormal,A_state,4,16,False,68.688,69.062,-0.375,4.066,4.505,-0.439,False
lognormal,A_state,11,1125,True,66.483,69.487,-3.004,4.464,5.234,-0.771,False
lognormal,A_state,12,883,True,66.63,68.668,-2.039,4.582,5.302,-0.72,False
lognormal,B_plus_teams,1,1358,True,66.143,67.653,-1.51,5.262,4.907,0.355,False
lognormal,B_plus_teams,2,1203,True,65.562,67.341,-1.779,5.223,4.847,0.376,False
lognormal,B_plus_teams,3,734,True,65.402,67.582,-2.18,5.25,4.852,0.398,False
lognormal,B_plus_teams,4,16,False,67.062,69.062,-2.0,4.171,4.505,-0.334,False
lognormal,B_plus_teams,11,1125,True,67.173,69.487,-2.314,5.18,5.234,-0.054,False
lognormal,B_plus_teams,12,883,True,66.737,68.668,-1.931,5.114,5.302,-0.187,False
lognormal,C_plus_score,1,1358,True,66.042,67.653,-1.611,5.273,4.907,0.366,False
lognormal,C_plus_score,2,1203,True,65.456,67.341,-1.884,5.251,4.847,0.404,False
lognormal,C_plus_score,3,734,True,65.375,67.582,-2.207,5.314,4.852,0.463,False
lognormal,C_plus_score,4,16,False,67.0,69.062,-2.062,4.328,4.505,-0.177,False
lognormal,C_plus_score,11,1125,True,67.061,69.487,-2.426,5.18,5.234,-0.054,False
lognormal,C_plus_score,12,883,True,66.547,68.668,-2.121,5.155,5.302,-0.147,False
lognormal,D_plus_season,1,1358,True,66.751,67.653,-0.902,5.321,4.907,0.414,True
lognormal,D_plus_season,2,1203,True,66.088,67.341,-1.253,5.281,4.847,0.434,False
lognormal,D_plus_season,3,734,True,65.94,67.582,-1.642,5.307,4.852,0.455,False
lognormal,D_plus_season,4,16,False,67.281,69.062,-1.781,4.347,4.505,-0.158,False
lognormal,D_plus_season,11,1125,True,67.688,69.487,-1.799,5.201,5.234,-0.034,False
lognormal,D_plus_season,12,883,True,67.323,68.668,-1.345,5.173,5.302,-0.129,False
gamma,A_state,1,1358,True,69.225,67.653,1.572,3.839,4.907,-1.068,False
gamma,A_state,2,1203,True,68.951,67.341,1.61,3.718,4.847,-1.129,False
gamma,A_state,3,734,True,69.012,67.582,1.431,3.673,4.852,-1.178,False
gamma,A_state,4,16,False,70.438,69.062,1.375,3.464,4.505,-1.042,False
gamma,A_state,11,1125,True,69.31,69.487,-0.177,3.763,5.234,-1.471,False
gamma,A_state,12,883,True,69.351,68.668,0.683,3.777,5.302,-1.525,False
gamma,B_plus_teams,1,1358,True,68.904,67.653,1.25,4.777,4.907,-0.13,False
gamma,B_plus_teams,2,1203,True,68.342,67.341,1.001,4.844,4.847,-0.003,False
gamma,B_plus_teams,3,734,True,68.222,67.582,0.64,4.793,4.852,-0.059,True
gamma,B_plus_teams,4,16,False,69.125,69.062,0.062,3.667,4.505,-0.838,False
gamma,B_plus_teams,11,1125,True,70.052,69.487,0.565,4.755,5.234,-0.479,True
gamma,B_plus_teams,12,883,True,69.473,68.668,0.805,4.556,5.302,-0.746,True
gamma,C_plus_score,1,1358,True,68.772,67.653,1.119,4.81,4.907,-0.097,False
gamma,C_plus_score,2,1203,True,68.157,67.341,0.816,4.829,4.847,-0.018,True
gamma,C_plus_score,3,734,True,68.182,67.582,0.6,4.843,4.852,-0.009,True
gamma,C_plus_score,4,16,False,68.969,69.062,-0.094,3.77,4.505,-0.735,False
gamma,C_plus_score,11,1125,True,69.828,69.487,0.341,4.747,5.234,-0.488,True
gamma,C_plus_score,12,883,True,69.242,68.668,0.574,4.602,5.302,-0.7,True
gamma,D_plus_season,1,1358,True,69.424,67.653,1.771,4.813,4.907,-0.094,False
gamma,D_plus_season,2,1203,True,68.741,67.341,1.4,4.871,4.847,0.024,False
gamma,D_plus_season,3,734,True,68.646,67.582,1.064,4.869,4.852,0.017,False
gamma,D_plus_season,4,16,False,69.156,69.062,0.094,3.85,4.505,-0.655,False
gamma,D_plus_season,11,1125,True,70.464,69.487,0.977,4.714,5.234,-0.521,True
gamma,D_plus_season,12,883,True,70.015,68.668,1.347,4.657,5.302,-0.645,False
hazard,A_state,1,1358,True,70.214,67.653,2.56,3.807,4.907,-1.1,False
hazard,A_state,2,1203,True,69.994,67.341,2.653,3.682,4.847,-1.165,False
hazard,A_state,3,734,True,70.033,67.582,2.452,3.592,4.852,-1.26,False
hazard,A_state,4,16,False,71.375,69.062,2.312,3.505,4.505,-1.0,False
hazard,A_state,11,1125,True,70.297,69.487,0.811,3.715,5.234,-1.519,False
hazard,A_state,12,883,True,70.317,68.668,1.648,3.728,5.302,-1.574,False
hazard,B_plus_teams,1,1358,True,69.993,67.653,2.339,4.71,4.907,-0.196,False
hazard,B_plus_teams,2,1203,True,69.443,67.341,2.103,4.773,4.847,-0.074,False
hazard,B_plus_teams,3,734,True,69.219,67.582,1.638,4.732,4.852,-0.119,False
hazard,B_plus_teams,4,16,False,70.344,69.062,1.281,3.691,4.505,-0.814,False
hazard,B_plus_teams,11,1125,True,71.014,69.487,1.527,4.664,5.234,-0.57,False
hazard,B_plus_teams,12,883,True,70.481,68.668,1.813,4.48,5.302,-0.821,False
hazard,C_plus_score,1,1358,True,69.894,67.653,2.241,4.725,4.907,-0.182,False
hazard,C_plus_score,2,1203,True,69.31,67.341,1.969,4.779,4.847,-0.068,False
hazard,C_plus_score,3,734,True,69.204,67.582,1.622,4.772,4.852,-0.08,False
hazard,C_plus_score,4,16,False,70.281,69.062,1.219,3.873,4.505,-0.632,False
hazard,C_plus_score,11,1125,True,70.874,69.487,1.388,4.656,5.234,-0.578,False
hazard,C_plus_score,12,883,True,70.302,68.668,1.634,4.511,5.302,-0.791,False
hazard,D_plus_season,1,1358,True,70.603,67.653,2.95,4.763,4.907,-0.144,False
hazard,D_plus_season,2,1203,True,69.954,67.341,2.613,4.801,4.847,-0.046,False
hazard,D_plus_season,3,734,True,69.728,67.582,2.146,4.777,4.852,-0.075,False
hazard,D_plus_season,4,16,False,70.562,69.062,1.5,3.966,4.505,-0.539,False
hazard,D_plus_season,11,1125,True,71.612,69.487,2.126,4.651,5.234,-0.584,False
hazard,D_plus_season,12,883,True,71.176,68.668,2.507,4.526,5.302,-0.776,False
lgbm_quantile,A_state,1,1358,True,70.985,67.653,3.332,3.24,4.907,-1.667,False
lgbm_quantile,A_state,2,1203,True,70.764,67.341,3.423,3.16,4.847,-1.687,False
lgbm_quantile,A_state,3,734,True,70.753,67.582,3.172,3.154,4.852,-1.698,False
lgbm_quantile,A_state,4,16,False,71.406,69.062,2.344,3.121,4.505,-1.384,False
lgbm_quantile,A_state,11,1125,True,71.112,69.487,1.626,3.296,5.234,-1.938,False
lgbm_quantile,A_state,12,883,True,71.095,68.668,2.427,3.239,5.302,-2.063,False
lgbm_quantile,B_plus_teams,1,1358,True,70.619,67.653,2.965,4.482,4.907,-0.424,False
lgbm_quantile,B_plus_teams,2,1203,True,70.224,67.341,2.883,4.5,4.847,-0.347,False
lgbm_quantile,B_plus_teams,3,734,True,70.103,67.582,2.521,4.466,4.852,-0.386,False
lgbm_quantile,B_plus_teams,4,16,False,70.062,69.062,1.0,3.459,4.505,-1.046,False
lgbm_quantile,B_plus_teams,11,1125,True,71.828,69.487,2.342,4.423,5.234,-0.811,False
lgbm_quantile,B_plus_teams,12,883,True,71.269,68.668,2.601,4.317,5.302,-0.985,False
lgbm_quantile,C_plus_score,1,1358,True,70.116,67.653,2.462,4.432,4.907,-0.475,False
lgbm_quantile,C_plus_score,2,1203,True,69.663,67.341,2.322,4.452,4.847,-0.395,False
lgbm_quantile,C_plus_score,3,734,True,69.623,67.582,2.042,4.543,4.852,-0.308,False
lgbm_quantile,C_plus_score,4,16,False,69.156,69.062,0.094,3.477,4.505,-1.028,False
lgbm_quantile,C_plus_score,11,1125,True,71.348,69.487,1.862,4.41,5.234,-0.824,False
lgbm_quantile,C_plus_score,12,883,True,70.839,68.668,2.171,4.362,5.302,-0.94,False
lgbm_quantile,D_plus_season,1,1358,True,70.172,67.653,2.518,4.391,4.907,-0.515,False
lgbm_quantile,D_plus_season,2,1203,True,69.732,67.341,2.391,4.37,4.847,-0.477,False
lgbm_quantile,D_plus_season,3,734,True,69.732,67.582,2.151,4.381,4.852,-0.471,False
lgbm_quantile,D_plus_season,4,16,False,71.531,69.062,2.469,3.744,4.505,-0.761,False
lgbm_quantile,D_plus_season,11,1125,True,71.896,69.487,2.409,4.421,5.234,-0.814,False
lgbm_quantile,D_plus_season,12,883,True,71.262,68.668,2.593,4.31,5.302,-0.992,False
