arm,feature_set,cell,n,ks_D,ks_p,powered,leak_sized
empirical,A_state,DREB | 0-34,6552,0.029446226812274545,2.275982963775779e-05,True,False
empirical,A_state,DREB | 120-299,39095,0.006337897975572049,0.08612303076789063,True,False
empirical,A_state,DREB | 300-599,64535,0.012041637128847704,1.476949618823513e-08,True,False
empirical,A_state,DREB | 35-119,19776,0.010697894443451594,0.02148123080550037,True,False
empirical,A_state,DREB | 600+,125715,0.008792055062696813,7.204130916487502e-09,True,False
empirical,A_state,TOV | 0-34,2984,0.04570355600145293,7.442880279301562e-06,True,False
empirical,A_state,TOV | 120-299,18055,0.015370525848194344,0.00039032077811134374,True,False
empirical,A_state,TOV | 300-599,30745,0.013377829017306497,3.29417945058515e-05,True,False
empirical,A_state,TOV | 35-119,9196,0.013277016711367162,0.07746432383719215,True,False
empirical,A_state,TOV | 600+,63019,0.0153182085580226,2.83091272051852e-13,True,False
empirical,A_state,made_FG | 0-34,5322,0.037065744108876475,8.664198612349888e-07,True,False
empirical,A_state,made_FG | 120-299,40350,0.007402860882004814,0.02388828234586234,True,False
empirical,A_state,made_FG | 300-599,67288,0.005787230706526314,0.021972703573481536,True,False
empirical,A_state,made_FG | 35-119,19323,0.012852622644522749,0.0033475993707822,True,False
empirical,A_state,made_FG | 600+,137113,0.007026012060708187,2.6293140082762106e-06,True,False
empirical,A_state,made_FT | 0-34,4977,0.014385160618507198,0.25201456390340593,True,False
empirical,A_state,made_FT | 120-299,12683,0.021642157529578487,1.3628949073881134e-05,True,False
empirical,A_state,made_FT | 300-599,16571,0.01503234710068413,0.00110678394008333,True,False
empirical,A_state,made_FT | 35-119,8641,0.03140047875890878,7.765652616608068e-08,True,False
empirical,A_state,made_FT | 600+,23057,0.022115400175737987,3.152131286954872e-10,True,False
empirical,A_state,other | 0-34,422,0.06367762972618429,0.06247771290705195,True,True
empirical,A_state,other | 120-299,548,0.07531795830587074,0.0037730941655832687,True,True
empirical,A_state,other | 300-599,830,0.080732493518068,3.743002233799809e-05,True,True
empirical,A_state,other | 35-119,352,0.03200515623862121,0.8520609477135673,True,False
empirical,A_state,other | 600+,1365,0.06348769315846114,3.1640055047657725e-05,True,True
empirical,A_state,period_start | 300-599,356,0.07703341273549258,0.02769944864195628,True,True
empirical,A_state,period_start | 600+,10637,0.027585805884537823,1.8247254822326766e-07,True,False
empirical,B_plus_teams,DREB | 0-34,6552,0.030277210167372115,1.1868240520006622e-05,True,False
empirical,B_plus_teams,DREB | 120-299,39095,0.007801427751681966,0.01706181334818309,True,False
empirical,B_plus_teams,DREB | 300-599,64535,0.01375778134628236,4.862454148473127e-11,True,False
empirical,B_plus_teams,DREB | 35-119,19776,0.011380302345709192,0.011831852358881581,True,False
empirical,B_plus_teams,DREB | 600+,125715,0.009317627628754321,6.577846799602257e-10,True,False
empirical,B_plus_teams,TOV | 0-34,2984,0.04692067118697052,3.792607974038625e-06,True,False
empirical,B_plus_teams,TOV | 120-299,18055,0.01700105034382471,5.795698737627742e-05,True,False
empirical,B_plus_teams,TOV | 300-599,30745,0.015767686403879017,4.537409432446439e-07,True,False
empirical,B_plus_teams,TOV | 35-119,9196,0.015405779439033096,0.025163217993056874,True,False
empirical,B_plus_teams,TOV | 600+,63019,0.016394935133954985,3.8222641016732765e-15,True,False
empirical,B_plus_teams,made_FG | 0-34,5322,0.03600226055871958,1.9835540173061307e-06,True,False
empirical,B_plus_teams,made_FG | 120-299,40350,0.004737659506171388,0.3244290902430256,True,False
empirical,B_plus_teams,made_FG | 300-599,67288,0.0035354352404325384,0.3687186327560814,True,False
empirical,B_plus_teams,made_FG | 35-119,19323,0.010322746946513472,0.03232635714101628,True,False
empirical,B_plus_teams,made_FG | 600+,137113,0.005527669630591037,0.0004575644618217089,True,False
empirical,B_plus_teams,made_FT | 0-34,4977,0.014158270268338657,0.26872116364706333,True,False
empirical,B_plus_teams,made_FT | 120-299,12683,0.019860720109205587,8.904489701249912e-05,True,False
empirical,B_plus_teams,made_FT | 300-599,16571,0.012207187848442047,0.014210727437282855,True,False
empirical,B_plus_teams,made_FT | 35-119,8641,0.031130090525915866,1.0404166860582928e-07,True,False
empirical,B_plus_teams,made_FT | 600+,23057,0.01943839234450162,5.340645975778753e-08,True,False
empirical,B_plus_teams,other | 0-34,422,0.06100769299234399,0.08291893720837251,True,True
empirical,B_plus_teams,other | 120-299,548,0.07537157151759755,0.003739627893787377,True,True
empirical,B_plus_teams,other | 300-599,830,0.08262588324438258,2.2339824780496884e-05,True,True
empirical,B_plus_teams,other | 35-119,352,0.030948231837898965,0.8782277000311199,True,False
empirical,B_plus_teams,other | 600+,1365,0.05791135150225335,0.00020214830337878515,True,True
empirical,B_plus_teams,period_start | 300-599,356,0.06587703092156105,0.08699760760974917,True,True
empirical,B_plus_teams,period_start | 600+,10637,0.02761994974155868,1.7529391057368787e-07,True,False
empirical,C_plus_score,DREB | 0-34,6552,0.01712059792583931,0.04245230061143013,True,False
empirical,C_plus_score,DREB | 120-299,39095,0.006699693413072527,0.059547041968089465,True,False
empirical,C_plus_score,DREB | 300-599,64535,0.013450020639330984,1.4333512791564978e-10,True,False
empirical,C_plus_score,DREB | 35-119,19776,0.005455976121607753,0.5962321889706184,True,False
empirical,C_plus_score,DREB | 600+,125715,0.00970141705817934,1.049292297628768e-10,True,False
empirical,C_plus_score,TOV | 0-34,2984,0.02615158760361236,0.03316833946729636,True,False
empirical,C_plus_score,TOV | 120-299,18055,0.015505466308161908,0.00033576630386441923,True,False
empirical,C_plus_score,TOV | 300-599,30745,0.015574541052880503,6.584768535054954e-07,True,False
empirical,C_plus_score,TOV | 35-119,9196,0.012542349568266054,0.10984699522067543,True,False
empirical,C_plus_score,TOV | 600+,63019,0.017053239212627108,2.380746625303057e-16,True,False
empirical,C_plus_score,made_FG | 0-34,5322,0.020544086716753895,0.022077737379435892,True,False
empirical,C_plus_score,made_FG | 120-299,40350,0.005638361942594872,0.15310844225607378,True,False
empirical,C_plus_score,made_FG | 300-599,67288,0.004608153868163045,0.11442350593145467,True,False
empirical,C_plus_score,made_FG | 35-119,19323,0.018708282941495652,2.635817427242317e-06,True,False
empirical,C_plus_score,made_FG | 600+,137113,0.005475517782162931,0.0005355612759287594,True,False
empirical,C_plus_score,made_FT | 0-34,4977,0.027365618321459784,0.0011358989994926813,True,False
empirical,C_plus_score,made_FT | 120-299,12683,0.022267988930646243,6.784054992849262e-06,True,False
empirical,C_plus_score,made_FT | 300-599,16571,0.010450844245968482,0.05320236530140576,True,False
empirical,C_plus_score,made_FT | 35-119,8641,0.04772329891967564,1.5316412647141988e-17,True,False
empirical,C_plus_score,made_FT | 600+,23057,0.01633299370743757,8.984299649146302e-06,True,False
empirical,C_plus_score,other | 0-34,422,0.06100769299234399,0.08291893720837251,True,True
empirical,C_plus_score,other | 120-299,548,0.07537157151759755,0.003739627893787377,True,True
empirical,C_plus_score,other | 300-599,830,0.08262588324438258,2.2339824780496884e-05,True,True
empirical,C_plus_score,other | 35-119,352,0.030948231837898965,0.8782277000311199,True,False
empirical,C_plus_score,other | 600+,1365,0.05791135150225335,0.00020214830337878515,True,True
empirical,C_plus_score,period_start | 300-599,356,0.06587703092156105,0.08699760760974917,True,True
empirical,C_plus_score,period_start | 600+,10637,0.01824932565387971,0.0016541886925087795,True,False
empirical,D_plus_season,DREB | 0-34,6552,0.01883029612472409,0.018948450676318014,True,False
empirical,D_plus_season,DREB | 120-299,39095,0.005763220306892983,0.14835220529355486,True,False
empirical,D_plus_season,DREB | 300-599,64535,0.010253690662601234,2.5379774836247743e-06,True,False
empirical,D_plus_season,DREB | 35-119,19776,0.010206473862360177,0.03226004410140593,True,False
empirical,D_plus_season,DREB | 600+,125715,0.007261183323074405,3.4802103104280854e-06,True,False
empirical,D_plus_season,TOV | 0-34,2984,0.02615158760361236,0.03316833946729636,True,False
empirical,D_plus_season,TOV | 120-299,18055,0.01280190997112754,0.005334507766865179,True,False
empirical,D_plus_season,TOV | 300-599,30745,0.008885575773236426,0.015488231304677011,True,False
empirical,D_plus_season,TOV | 35-119,9196,0.011822957068006623,0.1516673753926202,True,False
empirical,D_plus_season,TOV | 600+,63019,0.0098131344156282,1.064127937351722e-05,True,False
empirical,D_plus_season,made_FG | 0-34,5322,0.020108563763588272,0.02666464024892845,True,False
empirical,D_plus_season,made_FG | 120-299,40350,0.006421600795333771,0.07143166206879437,True,False
empirical,D_plus_season,made_FG | 300-599,67288,0.010817510383898443,2.874237894534575e-07,True,False
empirical,D_plus_season,made_FG | 35-119,19323,0.015205056032525588,0.0002607210782509971,True,False
empirical,D_plus_season,made_FG | 600+,137113,0.007623464299004068,2.3838837085910065e-07,True,False
empirical,D_plus_season,made_FT | 0-34,4977,0.022981194103272817,0.010258826739207468,True,False
empirical,D_plus_season,made_FT | 120-299,12683,0.023915312683432943,9.833755772499723e-07,True,False
empirical,D_plus_season,made_FT | 300-599,16571,0.006363615487954388,0.5112264539442606,True,False
empirical,D_plus_season,made_FT | 35-119,8641,0.04682832484834376,6.624533690532016e-17,True,False
empirical,D_plus_season,made_FT | 600+,23057,0.011220189953397353,0.005976895938208863,True,False
empirical,D_plus_season,other | 0-34,422,0.06100769299234399,0.08291893720837251,True,True
empirical,D_plus_season,other | 120-299,548,0.07537157151759755,0.003739627893787377,True,True
empirical,D_plus_season,other | 300-599,830,0.08262588324438258,2.2339824780496884e-05,True,True
empirical,D_plus_season,other | 35-119,352,0.030948231837898965,0.8782277000311199,True,False
empirical,D_plus_season,other | 600+,1365,0.05791135150225335,0.00020214830337878515,True,True
empirical,D_plus_season,period_start | 300-599,356,0.06587703092156105,0.08699760760974917,True,True
empirical,D_plus_season,period_start | 600+,10637,0.018669641300480544,0.0011887061183573795,True,False
lognormal,A_state,DREB | 0-34,6552,0.17536632426175072,1.053245501021544e-176,True,True
lognormal,A_state,DREB | 120-299,39095,0.1453985315599416,0.0,True,True
lognormal,A_state,DREB | 300-599,64535,0.10150116149955046,0.0,True,True
lognormal,A_state,DREB | 35-119,19776,0.10434308695296513,6.325890044756156e-188,True,True
lognormal,A_state,DREB | 600+,125715,0.06049110717105083,0.0,True,True
lognormal,A_state,TOV | 0-34,2984,0.2594879727312961,1.0163276117099246e-177,True,True
lognormal,A_state,TOV | 120-299,18055,0.10707001848835568,1.0684593796524833e-180,True,True
lognormal,A_state,TOV | 300-599,30745,0.10105043202603792,9.205445046256864e-274,True,True
lognormal,A_state,TOV | 35-119,9196,0.07793607792456192,4.980783218406032e-49,True,True
lognormal,A_state,TOV | 600+,63019,0.07643969491379454,1.062e-320,True,True
lognormal,A_state,made_FG | 0-34,5322,0.30719804189235006,0.0,True,True
lognormal,A_state,made_FG | 120-299,40350,0.20374495463372602,0.0,True,True
lognormal,A_state,made_FG | 300-599,67288,0.1792031587692776,0.0,True,True
lognormal,A_state,made_FG | 35-119,19323,0.12557886134423174,4.483461475259959e-266,True,True
lognormal,A_state,made_FG | 600+,137113,0.13058075877736025,0.0,True,True
lognormal,A_state,made_FT | 0-34,4977,0.34409350498910246,0.0,True,True
lognormal,A_state,made_FT | 120-299,12683,0.22050489572632667,0.0,True,True
lognormal,A_state,made_FT | 300-599,16571,0.21068065051526988,0.0,True,True
lognormal,A_state,made_FT | 35-119,8641,0.10765107064385537,1.1681157926237342e-87,True,True
lognormal,A_state,made_FT | 600+,23057,0.16826363516888931,0.0,True,True
lognormal,A_state,other | 0-34,422,0.23464874029265848,6.404296868426435e-21,True,True
lognormal,A_state,other | 120-299,548,0.11012329955689448,3.043484578659192e-06,True,True
lognormal,A_state,other | 300-599,830,0.12693766619062774,4.062822081662168e-12,True,True
lognormal,A_state,other | 35-119,352,0.1860012977312545,3.916663466588726e-11,True,True
lognormal,A_state,other | 600+,1365,0.17468087265184673,6.747612592644878e-37,True,True
lognormal,A_state,period_start | 300-599,356,0.3102703998346539,6.145954405437469e-31,True,True
lognormal,A_state,period_start | 600+,10637,0.0695446313378083,3.538022554169084e-45,True,True
lognormal,B_plus_teams,DREB | 0-34,6552,0.17990230110741312,5.230401292782487e-186,True,True
lognormal,B_plus_teams,DREB | 120-299,39095,0.14375682543606,0.0,True,True
lognormal,B_plus_teams,DREB | 300-599,64535,0.10203249814531345,0.0,True,True
lognormal,B_plus_teams,DREB | 35-119,19776,0.10238425577569554,6.176503927110945e-181,True,True
lognormal,B_plus_teams,DREB | 600+,125715,0.05897959143120657,0.0,True,True
lognormal,B_plus_teams,TOV | 0-34,2984,0.25539070615495324,4.4241003257923096e-172,True,True
lognormal,B_plus_teams,TOV | 120-299,18055,0.10693201818946907,3.1211052590226575e-180,True,True
lognormal,B_plus_teams,TOV | 300-599,30745,0.10134280821110464,2.3793880029612566e-275,True,True
lognormal,B_plus_teams,TOV | 35-119,9196,0.07697547386587822,7.75084328719176e-48,True,True
lognormal,B_plus_teams,TOV | 600+,63019,0.07739675659243284,0.0,True,True
lognormal,B_plus_teams,made_FG | 0-34,5322,0.3085517463128651,0.0,True,True
lognormal,B_plus_teams,made_FG | 120-299,40350,0.20385410542381763,0.0,True,True
lognormal,B_plus_teams,made_FG | 300-599,67288,0.17988107419197122,0.0,True,True
lognormal,B_plus_teams,made_FG | 35-119,19323,0.12379760312172289,1.4441840071170986e-258,True,True
lognormal,B_plus_teams,made_FG | 600+,137113,0.1309618493733432,0.0,True,True
lognormal,B_plus_teams,made_FT | 0-34,4977,0.3458719845804462,0.0,True,True
lognormal,B_plus_teams,made_FT | 120-299,12683,0.2207995492961216,0.0,True,True
lognormal,B_plus_teams,made_FT | 300-599,16571,0.2092911436921377,0.0,True,True
lognormal,B_plus_teams,made_FT | 35-119,8641,0.10579575959175946,1.1360127512279385e-84,True,True
lognormal,B_plus_teams,made_FT | 600+,23057,0.1677247608256059,0.0,True,True
lognormal,B_plus_teams,other | 0-34,422,0.22727024420067965,1.225330064376124e-19,True,True
lognormal,B_plus_teams,other | 120-299,548,0.10314292430949001,1.5751843587497588e-05,True,True
lognormal,B_plus_teams,other | 300-599,830,0.12331010647192808,1.856858876907595e-11,True,True
lognormal,B_plus_teams,other | 35-119,352,0.18477884465211464,5.4193746589070146e-11,True,True
lognormal,B_plus_teams,other | 600+,1365,0.16779942814918392,4.594805681827633e-34,True,True
lognormal,B_plus_teams,period_start | 300-599,356,0.31624184274282724,3.765724207366996e-32,True,True
lognormal,B_plus_teams,period_start | 600+,10637,0.0713209492988453,1.7034417723683993e-47,True,True
lognormal,C_plus_score,DREB | 0-34,6552,0.17599631085579823,5.558321942333853e-178,True,True
lognormal,C_plus_score,DREB | 120-299,39095,0.14708620746420725,0.0,True,True
lognormal,C_plus_score,DREB | 300-599,64535,0.09814940313226167,0.0,True,True
lognormal,C_plus_score,DREB | 35-119,19776,0.10891958513840772,8.902995418308596e-205,True,True
lognormal,C_plus_score,DREB | 600+,125715,0.05939427492989052,0.0,True,True
lognormal,C_plus_score,TOV | 0-34,2984,0.2500678966502627,6.744701707060187e-165,True,True
lognormal,C_plus_score,TOV | 120-299,18055,0.11300762369857992,2.6493241157023496e-201,True,True
lognormal,C_plus_score,TOV | 300-599,30745,0.09941392021173906,5.817336123624271e-265,True,True
lognormal,C_plus_score,TOV | 35-119,9196,0.07652581792849011,2.768465494265607e-47,True,True
lognormal,C_plus_score,TOV | 600+,63019,0.07713965222808405,0.0,True,True
lognormal,C_plus_score,made_FG | 0-34,5322,0.3042349522999806,0.0,True,True
lognormal,C_plus_score,made_FG | 120-299,40350,0.20704473658466516,0.0,True,True
lognormal,C_plus_score,made_FG | 300-599,67288,0.17410776879567608,0.0,True,True
lognormal,C_plus_score,made_FG | 35-119,19323,0.13237123892123087,1.0537800921494537e-295,True,True
lognormal,C_plus_score,made_FG | 600+,137113,0.12890756942002352,0.0,True,True
lognormal,C_plus_score,made_FT | 0-34,4977,0.33434688357163556,0.0,True,True
lognormal,C_plus_score,made_FT | 120-299,12683,0.22768296639872945,0.0,True,True
lognormal,C_plus_score,made_FT | 300-599,16571,0.2073682289127633,0.0,True,True
lognormal,C_plus_score,made_FT | 35-119,8641,0.10591520364606055,7.321562898464547e-85,True,True
lognormal,C_plus_score,made_FT | 600+,23057,0.16359404800584537,0.0,True,True
lognormal,C_plus_score,other | 0-34,422,0.23227884776088625,1.6705099564967362e-20,True,True
lognormal,C_plus_score,other | 120-299,548,0.10016970142840487,3.070055981975166e-05,True,True
lognormal,C_plus_score,other | 300-599,830,0.11665176668055843,2.689943046507468e-10,True,True
lognormal,C_plus_score,other | 35-119,352,0.17961397808997237,2.085732973286011e-10,True,True
lognormal,C_plus_score,other | 600+,1365,0.16549224848834987,3.854883027104535e-33,True,True
lognormal,C_plus_score,period_start | 300-599,356,0.31145857641186864,3.5424368142367947e-31,True,True
lognormal,C_plus_score,period_start | 600+,10637,0.07250981477231133,4.441299932659838e-49,True,True
lognormal,D_plus_season,DREB | 0-34,6552,0.1752910544480603,1.4957483794969686e-176,True,True
lognormal,D_plus_season,DREB | 120-299,39095,0.15103328615166506,0.0,True,True
lognormal,D_plus_season,DREB | 300-599,64535,0.102290646289459,0.0,True,True
lognormal,D_plus_season,DREB | 35-119,19776,0.11238545166218183,5.024427497611603e-218,True,True
lognormal,D_plus_season,DREB | 600+,125715,0.06408561060503276,0.0,True,True
lognormal,D_plus_season,TOV | 0-34,2984,0.24854110870849083,7.240499807283817e-163,True,True
lognormal,D_plus_season,TOV | 120-299,18055,0.11708482924018648,4.192293681751782e-216,True,True
lognormal,D_plus_season,TOV | 300-599,30745,0.10397741888170797,7.276159462144548e-290,True,True
lognormal,D_plus_season,TOV | 35-119,9196,0.07374504225419987,6.15367200475832e-44,True,True
lognormal,D_plus_season,TOV | 600+,63019,0.08218296289299937,0.0,True,True
lognormal,D_plus_season,made_FG | 0-34,5322,0.3031692490624379,0.0,True,True
lognormal,D_plus_season,made_FG | 120-299,40350,0.21153666573341404,0.0,True,True
lognormal,D_plus_season,made_FG | 300-599,67288,0.17888636506294495,0.0,True,True
lognormal,D_plus_season,made_FG | 35-119,19323,0.1363937918260088,5.354277402e-314,True,True
lognormal,D_plus_season,made_FG | 600+,137113,0.13380481720717202,0.0,True,True
lognormal,D_plus_season,made_FT | 0-34,4977,0.3302907490119322,0.0,True,True
lognormal,D_plus_season,made_FT | 120-299,12683,0.2322950206477433,0.0,True,True
lognormal,D_plus_season,made_FT | 300-599,16571,0.21154822776755278,0.0,True,True
lognormal,D_plus_season,made_FT | 35-119,8641,0.10232859136261374,3.1515676650731644e-79,True,True
lognormal,D_plus_season,made_FT | 600+,23057,0.16856704311912332,0.0,True,True
lognormal,D_plus_season,other | 0-34,422,0.22916573698436637,5.795202730368764e-20,True,True
lognormal,D_plus_season,other | 120-299,548,0.10228491664745731,1.913556768163575e-05,True,True
lognormal,D_plus_season,other | 300-599,830,0.12062828359980071,5.549136755210071e-11,True,True
lognormal,D_plus_season,other | 35-119,352,0.1773218427123996,3.7458882313244454e-10,True,True
lognormal,D_plus_season,other | 600+,1365,0.1686233548897339,2.1340675334715864e-34,True,True
lognormal,D_plus_season,period_start | 300-599,356,0.3132839135408889,1.5126695190058099e-31,True,True
lognormal,D_plus_season,period_start | 600+,10637,0.0794140295141772,8.502943616176824e-59,True,True
gamma,A_state,DREB | 0-34,6552,0.20775615574817874,1.578801903943655e-248,True,True
gamma,A_state,DREB | 120-299,39095,0.10509113751420424,0.0,True,True
gamma,A_state,DREB | 300-599,64535,0.05564447719336918,4.020115129068362e-174,True,True
gamma,A_state,DREB | 35-119,19776,0.06296580411505748,1.3214126658502112e-68,True,True
gamma,A_state,DREB | 600+,125715,0.02437740477721817,2.487294449639499e-65,True,False
gamma,A_state,TOV | 0-34,2984,0.29709761440183374,5.511801359771825e-234,True,True
gamma,A_state,TOV | 120-299,18055,0.07079411072150898,3.950779346750244e-79,True,True
gamma,A_state,TOV | 300-599,30745,0.05893809329398492,2.809034726453239e-93,True,True
gamma,A_state,TOV | 35-119,9196,0.0393573364321157,8.183909864637204e-13,True,False
gamma,A_state,TOV | 600+,63019,0.039087740446205194,4.272194379768301e-84,True,False
gamma,A_state,made_FG | 0-34,5322,0.3609655078636625,0.0,True,True
gamma,A_state,made_FG | 120-299,40350,0.14406461106987867,0.0,True,True
gamma,A_state,made_FG | 300-599,67288,0.12305466035848678,0.0,True,True
gamma,A_state,made_FG | 35-119,19323,0.06453560401824604,2.073029602733508e-70,True,True
gamma,A_state,made_FG | 600+,137113,0.08340341675447144,0.0,True,True
gamma,A_state,made_FT | 0-34,4977,0.4009712587465718,0.0,True,True
gamma,A_state,made_FT | 120-299,12683,0.16579687606782192,3.609429922870787e-305,True,True
gamma,A_state,made_FT | 300-599,16571,0.15954297628771327,0.0,True,True
gamma,A_state,made_FT | 35-119,8641,0.0640944610724209,2.641088283460904e-31,True,True
gamma,A_state,made_FT | 600+,23057,0.12433576551725964,3.8855875013205e-311,True,True
gamma,A_state,other | 0-34,422,0.2893216496760782,8.951147052016291e-32,True,True
gamma,A_state,other | 120-299,548,0.16796367959906316,5.5410251739704546e-14,True,True
gamma,A_state,other | 300-599,830,0.17476902545169282,1.2128096893352527e-22,True,True
gamma,A_state,other | 35-119,352,0.2463716728854694,2.65088037233224e-19,True,True
gamma,A_state,other | 600+,1365,0.22197471700203636,1.4774157488590206e-59,True,True
gamma,A_state,period_start | 300-599,356,0.23692642120131582,4.5866961190583915e-18,True,True
gamma,A_state,period_start | 600+,10637,0.043281408409851396,9.42032072200514e-18,True,False
gamma,B_plus_teams,DREB | 0-34,6552,0.21141332751501868,1.980659968052106e-257,True,True
gamma,B_plus_teams,DREB | 120-299,39095,0.10446473567700737,0.0,True,True
gamma,B_plus_teams,DREB | 300-599,64535,0.05568235223050577,2.3310321088577995e-174,True,True
gamma,B_plus_teams,DREB | 35-119,19776,0.061533604753011506,1.5472005036309322e-65,True,True
gamma,B_plus_teams,DREB | 600+,125715,0.02439563221397334,1.9889394155504654e-65,True,False
gamma,B_plus_teams,TOV | 0-34,2984,0.29495367498060726,1.4775308349346062e-230,True,True
gamma,B_plus_teams,TOV | 120-299,18055,0.06912015541180278,1.897222582602699e-75,True,True
gamma,B_plus_teams,TOV | 300-599,30745,0.058648154359049964,2.2933928291447093e-92,True,True
gamma,B_plus_teams,TOV | 35-119,9196,0.038490389324029706,2.8355733061071586e-12,True,False
gamma,B_plus_teams,TOV | 600+,63019,0.03819958477236274,2.4589834994586786e-80,True,False
gamma,B_plus_teams,made_FG | 0-34,5322,0.3633751148226716,0.0,True,True
gamma,B_plus_teams,made_FG | 120-299,40350,0.14338861416114115,0.0,True,True
gamma,B_plus_teams,made_FG | 300-599,67288,0.12351890759481718,0.0,True,True
gamma,B_plus_teams,made_FG | 35-119,19323,0.06096995675537675,6.944196657617454e-63,True,True
gamma,B_plus_teams,made_FG | 600+,137113,0.08395988915794739,0.0,True,True
gamma,B_plus_teams,made_FT | 0-34,4977,0.40356350588554657,0.0,True,True
gamma,B_plus_teams,made_FT | 120-299,12683,0.1668988016595291,2.93589303115306e-309,True,True
gamma,B_plus_teams,made_FT | 300-599,16571,0.15981647623701414,0.0,True,True
gamma,B_plus_teams,made_FT | 35-119,8641,0.06299396655914191,2.9763408158317122e-30,True,True
gamma,B_plus_teams,made_FT | 600+,23057,0.12496981449218217,2.520273531e-314,True,True
gamma,B_plus_teams,other | 0-34,422,0.2849297004933852,8.19341505106529e-31,True,True
gamma,B_plus_teams,other | 120-299,548,0.16112255727827224,6.760175601754306e-13,True,True
gamma,B_plus_teams,other | 300-599,830,0.16435432273523504,4.631796002544604e-20,True,True
gamma,B_plus_teams,other | 35-119,352,0.24619809354136052,2.820379448011646e-19,True,True
gamma,B_plus_teams,other | 600+,1365,0.2167082034788838,9.348629829599378e-57,True,True
gamma,B_plus_teams,period_start | 300-599,356,0.24253312607257232,6.409762199257724e-19,True,True
gamma,B_plus_teams,period_start | 600+,10637,0.04271553713757609,2.655819347927955e-17,True,False
gamma,C_plus_score,DREB | 0-34,6552,0.20724072399054916,2.753521810653655e-247,True,True
gamma,C_plus_score,DREB | 120-299,39095,0.10635720992170794,0.0,True,True
gamma,C_plus_score,DREB | 300-599,64535,0.05328494772314368,1.0743460078575403e-159,True,True
gamma,C_plus_score,DREB | 35-119,19776,0.06622812078767426,7.36181863964795e-76,True,True
gamma,C_plus_score,DREB | 600+,125715,0.0233144869422397,8.56609251037173e-60,True,False
gamma,C_plus_score,TOV | 0-34,2984,0.2902400297120116,4.093989326525301e-223,True,True
gamma,C_plus_score,TOV | 120-299,18055,0.07427693336668961,4.503238461520712e-87,True,True
gamma,C_plus_score,TOV | 300-599,30745,0.05742446136922985,1.4440165867862314e-88,True,True
gamma,C_plus_score,TOV | 35-119,9196,0.04030455119625298,2.0396691959370373e-13,True,False
gamma,C_plus_score,TOV | 600+,63019,0.03910150143269689,3.7300240295961643e-84,True,False
gamma,C_plus_score,made_FG | 0-34,5322,0.3593822763627229,0.0,True,True
gamma,C_plus_score,made_FG | 120-299,40350,0.1490906368802013,0.0,True,True
gamma,C_plus_score,made_FG | 300-599,67288,0.11943086753050483,0.0,True,True
gamma,C_plus_score,made_FG | 35-119,19323,0.07046227693300006,7.231285943456873e-84,True,True
gamma,C_plus_score,made_FG | 600+,137113,0.08184490053812973,0.0,True,True
gamma,C_plus_score,made_FT | 0-34,4977,0.39279250759324597,0.0,True,True
gamma,C_plus_score,made_FT | 120-299,12683,0.1742673619130754,0.0,True,True
gamma,C_plus_score,made_FT | 300-599,16571,0.1588123229462911,0.0,True,True
gamma,C_plus_score,made_FT | 35-119,8641,0.0645847837886846,8.855747214586195e-32,True,True
gamma,C_plus_score,made_FT | 600+,23057,0.12027874770748576,3.9736704729861035e-291,True,True
gamma,C_plus_score,other | 0-34,422,0.2857621954384375,5.4002681537996156e-31,True,True
gamma,C_plus_score,other | 120-299,548,0.15408102026271048,7.942738581289572e-12,True,True
gamma,C_plus_score,other | 300-599,830,0.15759853387234124,1.7940108506361066e-18,True,True
gamma,C_plus_score,other | 35-119,352,0.23634347673952405,8.824897959412183e-18,True,True
gamma,C_plus_score,other | 600+,1365,0.2207599582111252,6.635388851339155e-59,True,True
gamma,C_plus_score,period_start | 300-599,356,0.23863294884004788,2.5327515866414147e-18,True,True
gamma,C_plus_score,period_start | 600+,10637,0.04261156715438913,3.208177392322165e-17,True,False
gamma,D_plus_season,DREB | 0-34,6552,0.2051769750942823,2.392660088955364e-242,True,True
gamma,D_plus_season,DREB | 120-299,39095,0.11078474084648354,0.0,True,True
gamma,D_plus_season,DREB | 300-599,64535,0.05778712721890489,9.12921261084756e-188,True,True
gamma,D_plus_season,DREB | 35-119,19776,0.07024658035518394,2.6671192775526543e-85,True,True
gamma,D_plus_season,DREB | 600+,125715,0.020721063695513853,2.5500430255407884e-47,True,False
gamma,D_plus_season,TOV | 0-34,2984,0.28840594366826994,2.9715709071636475e-220,True,True
gamma,D_plus_season,TOV | 120-299,18055,0.07878790454215939,6.248482819420809e-98,True,True
gamma,D_plus_season,TOV | 300-599,30745,0.06211040605219503,1.500458714740356e-103,True,True
gamma,D_plus_season,TOV | 35-119,9196,0.037675130329656525,8.895470138816035e-12,True,False
gamma,D_plus_season,TOV | 600+,63019,0.042407697813122924,6.44015257711699e-99,True,False
gamma,D_plus_season,made_FG | 0-34,5322,0.3564223153418871,0.0,True,True
gamma,D_plus_season,made_FG | 120-299,40350,0.15416685585131998,0.0,True,True
gamma,D_plus_season,made_FG | 300-599,67288,0.124687670171137,0.0,True,True
gamma,D_plus_season,made_FG | 35-119,19323,0.07511930485954382,2.831735896279362e-95,True,True
gamma,D_plus_season,made_FG | 600+,137113,0.08719684373214745,0.0,True,True
gamma,D_plus_season,made_FT | 0-34,4977,0.38814336297715335,0.0,True,True
gamma,D_plus_season,made_FT | 120-299,12683,0.17891033502193024,0.0,True,True
gamma,D_plus_season,made_FT | 300-599,16571,0.1644052725634053,0.0,True,True
gamma,D_plus_season,made_FT | 35-119,8641,0.06093132969543902,2.488936856746215e-28,True,True
gamma,D_plus_season,made_FT | 600+,23057,0.12569442894198332,5.469307e-318,True,True
gamma,D_plus_season,other | 0-34,422,0.2838261856413091,1.4209469594168024e-30,True,True
gamma,D_plus_season,other | 120-299,548,0.15323755995642702,1.0589348298785073e-11,True,True
gamma,D_plus_season,other | 300-599,830,0.15727382649281219,2.1302873135493243e-18,True,True
gamma,D_plus_season,other | 35-119,352,0.23712551872088955,6.751278830369844e-18,True,True
gamma,D_plus_season,other | 600+,1365,0.21940656485976412,3.501665050670983e-58,True,True
gamma,D_plus_season,period_start | 300-599,356,0.24089741580700058,1.1438156948047599e-18,True,True
gamma,D_plus_season,period_start | 600+,10637,0.04924808154176169,7.356500118755664e-23,True,False
hazard,A_state,DREB | 0-34,6552,0.208832852436394,3.9305348844890885e-251,True,True
hazard,A_state,DREB | 120-299,39095,0.03027248484841949,1.4677996733286678e-31,True,False
hazard,A_state,DREB | 300-599,64535,0.04725202007560353,1.1748202775524603e-125,True,False
hazard,A_state,DREB | 35-119,19776,0.06592258992454819,3.647253402451967e-75,True,True
hazard,A_state,DREB | 600+,125715,0.059038071674917036,0.0,True,True
hazard,A_state,TOV | 0-34,2984,0.2847339117652148,1.3860565880181383e-214,True,True
hazard,A_state,TOV | 120-299,18055,0.05798007211757872,3.3586233241608014e-53,True,True
hazard,A_state,TOV | 300-599,30745,0.048747332763360685,6.240320174152169e-64,True,False
hazard,A_state,TOV | 35-119,9196,0.11840504954801567,8.597798397237131e-113,True,True
hazard,A_state,TOV | 600+,63019,0.03829240274692719,1.0042673472504717e-80,True,False
hazard,A_state,made_FG | 0-34,5322,0.26492723598231,0.0,True,True
hazard,A_state,made_FG | 120-299,40350,0.12208461073282242,0.0,True,True
hazard,A_state,made_FG | 300-599,67288,0.12795072245430408,0.0,True,True
hazard,A_state,made_FG | 35-119,19323,0.040832870299753105,1.9734107880473882e-28,True,False
hazard,A_state,made_FG | 600+,137113,0.13674617691036023,0.0,True,True
hazard,A_state,made_FT | 0-34,4977,0.3214019505800256,0.0,True,True
hazard,A_state,made_FT | 120-299,12683,0.12987296575821844,5.645275656231104e-187,True,True
hazard,A_state,made_FT | 300-599,16571,0.14659774111871407,2.761930983032e-311,True,True
hazard,A_state,made_FT | 35-119,8641,0.08482734237966855,1.5279829932995886e-54,True,True
hazard,A_state,made_FT | 600+,23057,0.15545880306079285,0.0,True,True
hazard,A_state,other | 0-34,422,0.2756091686523303,7.974287653790833e-29,True,True
hazard,A_state,other | 120-299,548,0.2935489746313718,2.4611106580896338e-42,True,True
hazard,A_state,other | 300-599,830,0.28460812186059326,5.458634933698493e-60,True,True
hazard,A_state,other | 35-119,352,0.3887109781912516,2.1242176282925234e-48,True,True
hazard,A_state,other | 600+,1365,0.2975060080928911,1.3278553607523334e-107,True,True
hazard,A_state,period_start | 300-599,356,0.18973288006209554,1.0724843590174803e-11,True,True
hazard,A_state,period_start | 600+,10637,0.16494476511020906,2.2265731754192738e-253,True,True
hazard,B_plus_teams,DREB | 0-34,6552,0.21335390108796798,3.2192944781728397e-262,True,True
hazard,B_plus_teams,DREB | 120-299,39095,0.028351254828737793,9.846588918823762e-28,True,False
hazard,B_plus_teams,DREB | 300-599,64535,0.047156523640855486,3.7658859935463925e-125,True,False
hazard,B_plus_teams,DREB | 35-119,19776,0.0675312872503987,7.353465551619565e-79,True,True
hazard,B_plus_teams,DREB | 600+,125715,0.058036612214187655,0.0,True,True
hazard,B_plus_teams,TOV | 0-34,2984,0.2862945213120253,5.5225335356541765e-217,True,True
hazard,B_plus_teams,TOV | 120-299,18055,0.0580484003884249,2.521310069815975e-53,True,True
hazard,B_plus_teams,TOV | 300-599,30745,0.04967453562063415,2.266361359505706e-66,True,False
hazard,B_plus_teams,TOV | 35-119,9196,0.11894051816172135,8.178670487854138e-114,True,True
hazard,B_plus_teams,TOV | 600+,63019,0.03842308673338385,2.835848288659407e-81,True,False
hazard,B_plus_teams,made_FG | 0-34,5322,0.2662021105808375,0.0,True,True
hazard,B_plus_teams,made_FG | 120-299,40350,0.12368734447706273,0.0,True,True
hazard,B_plus_teams,made_FG | 300-599,67288,0.12951297025683647,0.0,True,True
hazard,B_plus_teams,made_FG | 35-119,19323,0.03999432190874633,2.715406920644081e-27,True,False
hazard,B_plus_teams,made_FG | 600+,137113,0.13969097972141892,0.0,True,True
hazard,B_plus_teams,made_FT | 0-34,4977,0.32733910900947116,0.0,True,True
hazard,B_plus_teams,made_FT | 120-299,12683,0.12994477018309586,3.5041604458698725e-187,True,True
hazard,B_plus_teams,made_FT | 300-599,16571,0.14610624851186207,3.404436878549343e-309,True,True
hazard,B_plus_teams,made_FT | 35-119,8641,0.08500886174031203,8.952466029741993e-55,True,True
hazard,B_plus_teams,made_FT | 600+,23057,0.1550328108285116,0.0,True,True
hazard,B_plus_teams,other | 0-34,422,0.2764156107908521,5.40096152569079e-29,True,True
hazard,B_plus_teams,other | 120-299,548,0.28323198952312595,2.1767521299403495e-39,True,True
hazard,B_plus_teams,other | 300-599,830,0.26413768325149634,1.3436355979057502e-51,True,True
hazard,B_plus_teams,other | 35-119,352,0.3849382008103173,1.9400068575841422e-47,True,True
hazard,B_plus_teams,other | 600+,1365,0.2835371851968496,1.3696761355236253e-97,True,True
hazard,B_plus_teams,period_start | 300-599,356,0.18982148705317708,1.0466475026036162e-11,True,True
hazard,B_plus_teams,period_start | 600+,10637,0.162670180334737,2.0749623354597313e-246,True,True
hazard,C_plus_score,DREB | 0-34,6552,0.2009789303202283,1.8504287621704525e-232,True,True
hazard,C_plus_score,DREB | 120-299,39095,0.025002847534372097,1.1553050677113389e-21,True,False
hazard,C_plus_score,DREB | 300-599,64535,0.04759232729942581,1.8148626142510319e-127,True,False
hazard,C_plus_score,DREB | 35-119,19776,0.06178676374593156,4.49058914417436e-66,True,True
hazard,C_plus_score,DREB | 600+,125715,0.056797271332586996,0.0,True,True
hazard,C_plus_score,TOV | 0-34,2984,0.27853708993589427,3.3939770943597266e-205,True,True
hazard,C_plus_score,TOV | 120-299,18055,0.056078867935703935,8.556845101070118e-50,True,True
hazard,C_plus_score,TOV | 300-599,30745,0.052260335664910784,2.030265629143598e-73,True,True
hazard,C_plus_score,TOV | 35-119,9196,0.11147521421275669,5.446359009348725e-100,True,True
hazard,C_plus_score,TOV | 600+,63019,0.03958225714717417,3.1590563442318514e-86,True,False
hazard,C_plus_score,made_FG | 0-34,5322,0.2586524125797125,1.618678438e-314,True,True
hazard,C_plus_score,made_FG | 120-299,40350,0.12938177789825525,0.0,True,True
hazard,C_plus_score,made_FG | 300-599,67288,0.12993676862624226,0.0,True,True
hazard,C_plus_score,made_FG | 35-119,19323,0.04608161070377528,4.272883749647494e-36,True,False
hazard,C_plus_score,made_FG | 600+,137113,0.13650402979311047,0.0,True,True
hazard,C_plus_score,made_FT | 0-34,4977,0.3072493951316552,0.0,True,True
hazard,C_plus_score,made_FT | 120-299,12683,0.1347232165199479,3.169966229659623e-201,True,True
hazard,C_plus_score,made_FT | 300-599,16571,0.14609632674190556,3.751278005641945e-309,True,True
hazard,C_plus_score,made_FT | 35-119,8641,0.07269967528151955,3.681100300414354e-40,True,True
hazard,C_plus_score,made_FT | 600+,23057,0.15111721442831488,0.0,True,True
hazard,C_plus_score,other | 0-34,422,0.28421111693709344,1.1729604881981123e-30,True,True
hazard,C_plus_score,other | 120-299,548,0.2787505405837034,3.822791094817284e-38,True,True
hazard,C_plus_score,other | 300-599,830,0.2616121896141201,1.3096455288691592e-50,True,True
hazard,C_plus_score,other | 35-119,352,0.3813027154410599,1.596599970814703e-46,True,True
hazard,C_plus_score,other | 600+,1365,0.2784591177412904,4.446806189321594e-94,True,True
hazard,C_plus_score,period_start | 300-599,356,0.18780091787140105,1.8198557690441683e-11,True,True
hazard,C_plus_score,period_start | 600+,10637,0.16037002845568332,1.836318406005978e-239,True,True
hazard,D_plus_season,DREB | 0-34,6552,0.19638868486312033,6.868497902910856e-222,True,True
hazard,D_plus_season,DREB | 120-299,39095,0.030333232065933524,1.1004744965548406e-31,True,False
hazard,D_plus_season,DREB | 300-599,64535,0.04177761816132003,2.6041677718550457e-98,True,False
hazard,D_plus_season,DREB | 35-119,19776,0.05665433891418237,1.2938600019158301e-55,True,True
hazard,D_plus_season,DREB | 600+,125715,0.050518308809595736,2.837782404384269e-279,True,True
hazard,D_plus_season,TOV | 0-34,2984,0.27352251044395215,9.243321741369957e-198,True,True
hazard,D_plus_season,TOV | 120-299,18055,0.052268885058550874,2.6034344519622047e-43,True,True
hazard,D_plus_season,TOV | 300-599,30745,0.048412721538638126,4.6174756924921814e-63,True,False
hazard,D_plus_season,TOV | 35-119,9196,0.10699431631693279,3.966763689199862e-92,True,True
hazard,D_plus_season,TOV | 600+,63019,0.03501077937624164,1.506466643048713e-67,True,False
hazard,D_plus_season,made_FG | 0-34,5322,0.2556303870336723,4.141841013686203e-307,True,True
hazard,D_plus_season,made_FG | 120-299,40350,0.1335497681230287,0.0,True,True
hazard,D_plus_season,made_FG | 300-599,67288,0.13391047985774795,0.0,True,True
hazard,D_plus_season,made_FG | 35-119,19323,0.04968551033834459,6.778923127320481e-42,True,False
hazard,D_plus_season,made_FG | 600+,137113,0.14071175443052633,0.0,True,True
hazard,D_plus_season,made_FT | 0-34,4977,0.3013733672107426,0.0,True,True
hazard,D_plus_season,made_FT | 120-299,12683,0.1391425036752966,1.1329333444853853e-214,True,True
hazard,D_plus_season,made_FT | 300-599,16571,0.15036933691278848,0.0,True,True
hazard,D_plus_season,made_FT | 35-119,8641,0.06621956130446938,2.1816651511507227e-33,True,True
hazard,D_plus_season,made_FT | 600+,23057,0.15532494500108257,0.0,True,True
hazard,D_plus_season,other | 0-34,422,0.27730946041461,3.5017811995972964e-29,True,True
hazard,D_plus_season,other | 120-299,548,0.274503255091781,5.523835003866046e-37,True,True
hazard,D_plus_season,other | 300-599,830,0.25686468766819015,8.885794178307005e-49,True,True
hazard,D_plus_season,other | 35-119,352,0.37602333933984927,3.271038721616358e-45,True,True
hazard,D_plus_season,other | 600+,1365,0.2745968019188238,1.8755536679431405e-91,True,True
hazard,D_plus_season,period_start | 300-599,356,0.1910614807452968,7.431190206123583e-12,True,True
hazard,D_plus_season,period_start | 600+,10637,0.16434355197630818,1.5827293100050577e-251,True,True
lgbm_quantile,A_state,DREB | 0-34,6552,0.01897376900188852,0.01764660434842192,True,False
lgbm_quantile,A_state,DREB | 120-299,39095,0.036340120510553686,2.7113527490127286e-45,True,False
lgbm_quantile,A_state,DREB | 300-599,64535,0.03725966773365719,2.7998445942326494e-78,True,False
lgbm_quantile,A_state,DREB | 35-119,19776,0.03249857073056994,1.3986957973274048e-18,True,False
lgbm_quantile,A_state,DREB | 600+,125715,0.03885293378638621,2.511167529606543e-165,True,False
lgbm_quantile,A_state,TOV | 0-34,2984,0.023302920439403796,0.07704415256782515,True,False
lgbm_quantile,A_state,TOV | 120-299,18055,0.038043288001306144,3.8549085894413095e-23,True,False
lgbm_quantile,A_state,TOV | 300-599,30745,0.03806026957620279,3.923922323534252e-39,True,False
lgbm_quantile,A_state,TOV | 35-119,9196,0.030676712375521224,5.942797088917378e-08,True,False
lgbm_quantile,A_state,TOV | 600+,63019,0.038926186501097804,2.0943325049401288e-83,True,False
lgbm_quantile,A_state,made_FG | 0-34,5322,0.024630524896836092,0.003085025140829768,True,False
lgbm_quantile,A_state,made_FG | 120-299,40350,0.04254179309491457,6.827984482227241e-64,True,False
lgbm_quantile,A_state,made_FG | 300-599,67288,0.043719400863839714,3.3814707136215714e-112,True,False
lgbm_quantile,A_state,made_FG | 35-119,19323,0.03794928260718611,1.2926985143985841e-24,True,False
lgbm_quantile,A_state,made_FG | 600+,137113,0.043681988372333724,8.820782122482978e-228,True,False
lgbm_quantile,A_state,made_FT | 0-34,4977,0.045410237817990806,2.343347915285153e-09,True,False
lgbm_quantile,A_state,made_FT | 120-299,12683,0.04029371946906346,2.496339820470758e-18,True,False
lgbm_quantile,A_state,made_FT | 300-599,16571,0.04267805450894324,1.1535729065990639e-26,True,False
lgbm_quantile,A_state,made_FT | 35-119,8641,0.04154705502506382,2.131649078802279e-13,True,False
lgbm_quantile,A_state,made_FT | 600+,23057,0.04480677817868839,1.1566807011259827e-40,True,False
lgbm_quantile,A_state,other | 0-34,422,0.13958638465554563,1.2332356159737623e-07,True,True
lgbm_quantile,A_state,other | 120-299,548,0.08087036564343586,0.0014498998209010875,True,True
lgbm_quantile,A_state,other | 300-599,830,0.07951807228915664,5.178924304165185e-05,True,True
lgbm_quantile,A_state,other | 35-119,352,0.08134610927366914,0.017888394872113973,True,True
lgbm_quantile,A_state,other | 600+,1365,0.08169278555920811,2.2611737307492345e-08,True,True
lgbm_quantile,A_state,period_start | 300-599,356,0.0773190987549206,0.02683644808864638,True,True
lgbm_quantile,A_state,period_start | 600+,10637,0.04211713829087149,7.829852042959883e-17,True,False
lgbm_quantile,B_plus_teams,DREB | 0-34,6552,0.02917990022498207,2.7934093750890816e-05,True,False
lgbm_quantile,B_plus_teams,DREB | 120-299,39095,0.040023046189373246,7.512151741377324e-55,True,False
lgbm_quantile,B_plus_teams,DREB | 300-599,64535,0.039686851838644954,9.346685512491655e-89,True,False
lgbm_quantile,B_plus_teams,DREB | 35-119,19776,0.03446094008187828,7.708671893794325e-21,True,False
lgbm_quantile,B_plus_teams,DREB | 600+,125715,0.03982968426459399,1.0042877155437713e-173,True,False
lgbm_quantile,B_plus_teams,TOV | 0-34,2984,0.027058250806145434,0.024853728401284525,True,False
lgbm_quantile,B_plus_teams,TOV | 120-299,18055,0.042648892338290945,5.654262543315417e-29,True,False
lgbm_quantile,B_plus_teams,TOV | 300-599,30745,0.04010104066742026,2.140930693489009e-43,True,False
lgbm_quantile,B_plus_teams,TOV | 35-119,9196,0.03474014134606868,4.452739934300917e-10,True,False
lgbm_quantile,B_plus_teams,TOV | 600+,63019,0.04150980082583278,8.645953222691449e-95,True,False
lgbm_quantile,B_plus_teams,made_FG | 0-34,5322,0.026789263024995062,0.0009448940002013209,True,False
lgbm_quantile,B_plus_teams,made_FG | 120-299,40350,0.04471016953317693,1.5748955274107866e-70,True,False
lgbm_quantile,B_plus_teams,made_FG | 300-599,67288,0.045829923171873316,2.9695338216839742e-123,True,False
lgbm_quantile,B_plus_teams,made_FG | 35-119,19323,0.0403167303763714,9.973640363659763e-28,True,False
lgbm_quantile,B_plus_teams,made_FG | 600+,137113,0.04516443877195797,1.7590885694970813e-243,True,False
lgbm_quantile,B_plus_teams,made_FT | 0-34,4977,0.050061234037714675,2.7993780847565612e-11,True,True
lgbm_quantile,B_plus_teams,made_FT | 120-299,12683,0.045332140233238616,4.358997725190238e-23,True,False
lgbm_quantile,B_plus_teams,made_FT | 300-599,16571,0.04560364358173552,2.19054623335382e-30,True,False
lgbm_quantile,B_plus_teams,made_FT | 35-119,8641,0.04134036480836856,2.867177687771051e-13,True,False
lgbm_quantile,B_plus_teams,made_FT | 600+,23057,0.04809764872103928,8.578817427264027e-47,True,False
lgbm_quantile,B_plus_teams,other | 0-34,422,0.19104819714095517,5.793575718157194e-14,True,True
lgbm_quantile,B_plus_teams,other | 120-299,548,0.07116788321167888,0.007376423184170918,True,True
lgbm_quantile,B_plus_teams,other | 300-599,830,0.07648192175705382,0.00011413532451067476,True,True
lgbm_quantile,B_plus_teams,other | 35-119,352,0.14831839555098092,3.1840818686428186e-07,True,True
lgbm_quantile,B_plus_teams,other | 600+,1365,0.07822061205461395,1.0361736846604284e-07,True,True
lgbm_quantile,B_plus_teams,period_start | 300-599,356,0.10653033786140331,0.0005677583849723764,True,True
lgbm_quantile,B_plus_teams,period_start | 600+,10637,0.04403741076397061,2.3090506136707124e-18,True,False
lgbm_quantile,C_plus_score,DREB | 0-34,6552,0.03494711295891462,2.181927102926229e-07,True,False
lgbm_quantile,C_plus_score,DREB | 120-299,39095,0.04266599745766886,2.806816571734992e-62,True,False
lgbm_quantile,C_plus_score,DREB | 300-599,64535,0.04035978809844043,8.8895253263222e-92,True,False
lgbm_quantile,C_plus_score,DREB | 35-119,19776,0.04217153382578098,5.351249295303621e-31,True,False
lgbm_quantile,C_plus_score,DREB | 600+,125715,0.04018652681371071,7.615238086168577e-177,True,False
lgbm_quantile,C_plus_score,TOV | 0-34,2984,0.031900033348802426,0.0045068522479066704,True,False
lgbm_quantile,C_plus_score,TOV | 120-299,18055,0.04292576653585556,2.4012007951884235e-29,True,False
lgbm_quantile,C_plus_score,TOV | 300-599,30745,0.04054027148217054,2.4205321926887556e-44,True,False
lgbm_quantile,C_plus_score,TOV | 35-119,9196,0.040704206510622454,1.1237246639701021e-13,True,False
lgbm_quantile,C_plus_score,TOV | 600+,63019,0.04211550078303972,1.4518739020354524e-97,True,False
lgbm_quantile,C_plus_score,made_FG | 0-34,5322,0.034774199765779126,5.009518537220872e-06,True,False
lgbm_quantile,C_plus_score,made_FG | 120-299,40350,0.04607036112702678,7.332897813918294e-75,True,False
lgbm_quantile,C_plus_score,made_FG | 300-599,67288,0.04666158283126842,9.385540369435386e-128,True,False
lgbm_quantile,C_plus_score,made_FG | 35-119,19323,0.04484434660384684,3.318619865111723e-34,True,False
lgbm_quantile,C_plus_score,made_FG | 600+,137113,0.04536310417033074,1.2629791534824582e-245,True,False
lgbm_quantile,C_plus_score,made_FT | 0-34,4977,0.0442449265000362,6.640576528522676e-09,True,False
lgbm_quantile,C_plus_score,made_FT | 120-299,12683,0.04633858381037248,4.185825469445297e-24,True,False
lgbm_quantile,C_plus_score,made_FT | 300-599,16571,0.047691371294148466,3.418226866495984e-33,True,False
lgbm_quantile,C_plus_score,made_FT | 35-119,8641,0.045418016645193404,6.293542195378809e-16,True,False
lgbm_quantile,C_plus_score,made_FT | 600+,23057,0.046793484801755825,2.598283538279436e-44,True,False
lgbm_quantile,C_plus_score,other | 0-34,422,0.14265004558195538,5.895487338776567e-08,True,True
lgbm_quantile,C_plus_score,other | 120-299,548,0.0705337258017592,0.008144817339317203,True,True
lgbm_quantile,C_plus_score,other | 300-599,830,0.0613520826351992,0.0036988715161455424,True,True
lgbm_quantile,C_plus_score,other | 35-119,352,0.16123991283170508,1.835229939133658e-08,True,True
lgbm_quantile,C_plus_score,other | 600+,1365,0.07322659637795692,8.236833711478995e-07,True,True
lgbm_quantile,C_plus_score,period_start | 300-599,356,0.11299894357271661,0.00020467621850523915,True,True
lgbm_quantile,C_plus_score,period_start | 600+,10637,0.043682898898479094,4.478115983842078e-18,True,False
lgbm_quantile,D_plus_season,DREB | 0-34,6552,0.03749933366456848,1.9286790825664085e-08,True,False
lgbm_quantile,D_plus_season,DREB | 120-299,39095,0.04471767520274772,2.2618981801682074e-68,True,False
lgbm_quantile,D_plus_season,DREB | 300-599,64535,0.04224584634113171,1.616247862296054e-100,True,False
lgbm_quantile,D_plus_season,DREB | 35-119,19776,0.04268040475302459,9.683495735641566e-32,True,False
lgbm_quantile,D_plus_season,DREB | 600+,125715,0.04191407102118727,2.4112802002179636e-192,True,False
lgbm_quantile,D_plus_season,TOV | 0-34,2984,0.0310842713258912,0.006128149233346828,True,False
lgbm_quantile,D_plus_season,TOV | 120-299,18055,0.043340494156685394,6.588433567093701e-30,True,False
lgbm_quantile,D_plus_season,TOV | 300-599,30745,0.041895306755035944,2.5019445370478577e-47,True,False
lgbm_quantile,D_plus_season,TOV | 35-119,9196,0.041392791869913625,3.9681706403385744e-14,True,False
lgbm_quantile,D_plus_season,TOV | 600+,63019,0.04269569070085355,2.925248816482101e-100,True,False
lgbm_quantile,D_plus_season,made_FG | 0-34,5322,0.03489892406858497,4.566353021628121e-06,True,False
lgbm_quantile,D_plus_season,made_FG | 120-299,40350,0.04615348364895466,3.947555934068614e-75,True,False
lgbm_quantile,D_plus_season,made_FG | 300-599,67288,0.04696832539210105,1.9595828874836902e-129,True,False
lgbm_quantile,D_plus_season,made_FG | 35-119,19323,0.0450960891915011,1.382075975096199e-34,True,False
lgbm_quantile,D_plus_season,made_FG | 600+,137113,0.04617146927818294,1.9086710330926554e-254,True,False
lgbm_quantile,D_plus_season,made_FT | 0-34,4977,0.04582279989783333,1.6101272753563195e-09,True,False
lgbm_quantile,D_plus_season,made_FT | 120-299,12683,0.04678231934024235,1.46559952777815e-24,True,False
lgbm_quantile,D_plus_season,made_FT | 300-599,16571,0.04883950673192872,8.641866429615665e-35,True,False
lgbm_quantile,D_plus_season,made_FT | 35-119,8641,0.04844397642032827,4.6158775297353596e-18,True,False
lgbm_quantile,D_plus_season,made_FT | 600+,23057,0.04784641943903778,2.6104877077882656e-46,True,False
lgbm_quantile,D_plus_season,other | 0-34,422,0.15377747143821618,3.5221938521483065e-09,True,True
lgbm_quantile,D_plus_season,other | 120-299,548,0.07846715328467158,0.0022118011123727914,True,True
lgbm_quantile,D_plus_season,other | 300-599,830,0.07108433734939756,0.00043097706028741046,True,True
lgbm_quantile,D_plus_season,other | 35-119,352,0.19848343953230896,1.253013380894656e-12,True,True
lgbm_quantile,D_plus_season,other | 600+,1365,0.08683953871705075,2.095714016497728e-09,True,True
lgbm_quantile,D_plus_season,period_start | 300-599,356,0.09226065776047715,0.00435345638242895,True,True
lgbm_quantile,D_plus_season,period_start | 600+,10637,0.04531446738559053,2.0318385694570897e-19,True,False
