arm,cell,n,ks_D,ks_p,powered,leak_sized
empirical,DREB | 0-34,6552,0.0079750641175643,0.7957484160771422,True,False
empirical,DREB | 120-299,39095,0.0073459443465288,0.0292715579093619,True,False
empirical,DREB | 300-599,64535,0.0164718257822426,1.2208447566842678e-15,True,False
empirical,DREB | 35-119,19776,0.0135810804602782,0.0013450520342733,True,False
empirical,DREB | 600+,125715,0.0105632919419818,1.2983986433660289e-12,True,False
empirical,TOV | 0-34,2984,0.0259958635192987,0.0348193693071641,True,False
empirical,TOV | 120-299,18055,0.016024065646018,0.0001859671361161,True,False
empirical,TOV | 300-599,30745,0.0276626144811446,7.155855332351067e-21,True,False
empirical,TOV | 35-119,9196,0.0198251447982807,0.0014311847166587,True,False
empirical,TOV | 600+,63019,0.0111969728907805,2.72299332617866e-07,True,False
empirical,made_FG | 0-34,5322,0.0241470104480768,0.0039668533838132,True,False
empirical,made_FG | 120-299,40350,0.0058028880900118,0.1315374355741401,True,False
empirical,made_FG | 300-599,67288,0.0098173255593369,4.6249187580247885e-06,True,False
empirical,made_FG | 35-119,19323,0.0113243921457356,0.0139744900861536,True,False
empirical,made_FG | 600+,137113,0.0077065633052191,1.680897285298854e-07,True,False
empirical,made_FT | 0-34,4977,0.0079895745788299,0.9058705616662024,True,False
empirical,made_FT | 120-299,12683,0.0245647431638836,4.42185413412631e-07,True,False
empirical,made_FT | 300-599,16571,0.0069632943505874,0.3959614882529622,True,False
empirical,made_FT | 35-119,8641,0.021374912957627,0.0007335440648796,True,False
empirical,made_FT | 600+,23057,0.0235033608711153,1.6977229838277278e-11,True,False
empirical,other | 0-34,422,0.0755002397138837,0.0154232979218055,True,True
empirical,other | 120-299,548,0.0802824964322859,0.0016095892603277,True,True
empirical,other | 300-599,830,0.0860769493012726,8.455195495007203e-06,True,True
empirical,other | 35-119,352,0.0379822511304505,0.6755963626002146,True,False
empirical,other | 600+,1365,0.0707521924694105,2.18665692262426e-06,True,True
empirical,period_start | 300-599,356,0.0999050112741596,0.0015162568708967,True,True
empirical,period_start | 600+,10637,0.0258452274791252,1.3219317305454836e-06,True,False
lognormal,DREB | 0-34,6552,0.1618327090695268,2.1526264158016318e-150,True,True
lognormal,DREB | 120-299,39095,0.1108218740477685,0.0,True,True
lognormal,DREB | 300-599,64535,0.0825759001166364,0.0,True,True
lognormal,DREB | 35-119,19776,0.1166808463877173,5.002886093048055e-235,True,True
lognormal,DREB | 600+,125715,0.0618671785357826,0.0,True,True
lognormal,TOV | 0-34,2984,0.1045324189020149,7.623978871015789e-29,True,True
lognormal,TOV | 120-299,18055,0.0794893453898746,1.1210641599804683e-99,True,True
lognormal,TOV | 300-599,30745,0.0858252264391495,1.7692510362526012e-197,True,True
lognormal,TOV | 35-119,9196,0.0711465388334793,6.37066339491486e-41,True,True
lognormal,TOV | 600+,63019,0.0798830933303783,0.0,True,True
lognormal,made_FG | 0-34,5322,0.1311265006353995,3.0022849530481383e-80,True,True
lognormal,made_FG | 120-299,40350,0.1542991563097752,0.0,True,True
lognormal,made_FG | 300-599,67288,0.1505560738680632,0.0,True,True
lognormal,made_FG | 35-119,19323,0.1365846868994252,7.02584433e-315,True,True
lognormal,made_FG | 600+,137113,0.1341386026985416,0.0,True,True
lognormal,made_FT | 0-34,4977,0.1188337503950424,1.0704842243606108e-61,True,True
lognormal,made_FT | 120-299,12683,0.1517502321937729,1.8269777755752505e-255,True,True
lognormal,made_FT | 300-599,16571,0.1617080739349747,0.0,True,True
lognormal,made_FT | 35-119,8641,0.100986329662893,3.602556924863962e-77,True,True
lognormal,made_FT | 600+,23057,0.1437186555136478,0.0,True,True
lognormal,other | 0-34,422,0.0762786349748212,0.0139494559876178,True,True
lognormal,other | 120-299,548,0.1646163089521811,1.9095218405185035e-13,True,True
lognormal,other | 300-599,830,0.1368411636318575,5.1089835038013205e-14,True,True
lognormal,other | 35-119,352,0.1961289623426865,2.441274000455783e-12,True,True
lognormal,other | 600+,1365,0.1669858704178987,9.760987887138164e-34,True,True
lognormal,period_start | 300-599,356,0.1285529715150152,1.3734849217773912e-05,True,True
lognormal,period_start | 600+,10637,0.076375333321553,2.0702147532935588e-54,True,True
gamma,DREB | 0-34,6552,0.133575652696934,2.07877189704717e-102,True,True
gamma,DREB | 120-299,39095,0.0693175475952793,8.792442223220237e-164,True,True
gamma,DREB | 300-599,64535,0.039813630017941,2.5424797621219653e-89,True,False
gamma,DREB | 35-119,19776,0.0737870642359842,4.418991057323535e-94,True,True
gamma,DREB | 600+,125715,0.0266567085299673,4.893685546202389e-78,True,False
gamma,TOV | 0-34,2984,0.0747731589492681,5.9041783754317545e-15,True,True
gamma,TOV | 120-299,18055,0.0409836183493207,8.682264329126754e-27,True,False
gamma,TOV | 300-599,30745,0.0446931376325308,8.367919254474286e-54,True,False
gamma,TOV | 35-119,9196,0.0314263869455908,2.5220061075824662e-08,True,False
gamma,TOV | 600+,63019,0.0392991678108607,5.282005994319398e-85,True,False
gamma,made_FG | 0-34,5322,0.1232674866030033,6.147871299269908e-71,True,True
gamma,made_FG | 120-299,40350,0.0991305611339781,0.0,True,True
gamma,made_FG | 300-599,67288,0.098590833772159,0.0,True,True
gamma,made_FG | 35-119,19323,0.0751947296492534,1.8250258436692093e-95,True,True
gamma,made_FG | 600+,137113,0.0857075812852669,0.0,True,True
gamma,made_FT | 0-34,4977,0.0891192770793297,7.616915679593487e-35,True,True
gamma,made_FT | 120-299,12683,0.099900821423693,1.213604005187913e-110,True,True
gamma,made_FT | 300-599,16571,0.1117894193613737,7.865541818896258e-181,True,True
gamma,made_FT | 35-119,8641,0.0492140622543236,1.2560186541091809e-18,True,False
gamma,made_FT | 600+,23057,0.0979258172006368,6.521190981818489e-193,True,True
gamma,other | 0-34,422,0.0556463652725809,0.1411114863955542,True,True
gamma,other | 120-299,548,0.2234223259617616,1.6380775313045015e-24,True,True
gamma,other | 300-599,830,0.2117027757571144,4.0492935178917606e-33,True,True
gamma,other | 35-119,352,0.2387661021164723,3.837485192510131e-18,True,True
gamma,other | 600+,1365,0.2483980221059159,1.1159118293954692e-74,True,True
gamma,period_start | 300-599,356,0.0919853565875477,0.0045149058155687,True,True
gamma,period_start | 600+,10637,0.0468091686851614,1.0816076778944434e-20,True,False
hazard,DREB | 0-34,6552,0.0660619117166327,2.6428575098145947e-25,True,True
hazard,DREB | 120-299,39095,0.0268658843095027,6.022365755479365e-25,True,False
hazard,DREB | 300-599,64535,0.0480296698524204,8.168994873559115e-130,True,False
hazard,DREB | 35-119,19776,0.0395191068437845,2.8436843956287784e-27,True,False
hazard,DREB | 600+,125715,0.0641530656160936,0.0,True,True
hazard,TOV | 0-34,2984,0.0415899130085561,6.373543136590495e-05,True,False
hazard,TOV | 120-299,18055,0.0651930999014392,3.6946099292887606e-67,True,True
hazard,TOV | 300-599,30745,0.0569090451161756,5.441226034639252e-87,True,True
hazard,TOV | 35-119,9196,0.0900710915531493,2.2790953202901098e-65,True,True
hazard,TOV | 600+,63019,0.0498430615516014,1.6810055121819342e-136,True,False
hazard,made_FG | 0-34,5322,0.1314470574811168,1.2169314534121572e-80,True,True
hazard,made_FG | 120-299,40350,0.1213794679148091,0.0,True,True
hazard,made_FG | 300-599,67288,0.1271480223748388,0.0,True,True
hazard,made_FG | 35-119,19323,0.0662583300289426,3.366552373122157e-74,True,True
hazard,made_FG | 600+,137113,0.130270350221474,0.0,True,True
hazard,made_FT | 0-34,4977,0.1146032555581205,2.1180394515739316e-57,True,True
hazard,made_FT | 120-299,12683,0.115734724189352,1.8590640052963403e-148,True,True
hazard,made_FT | 300-599,16571,0.1355564856883006,4.873314428791918e-266,True,True
hazard,made_FT | 35-119,8641,0.0568404306683106,1.0442050062656735e-24,True,True
hazard,made_FT | 600+,23057,0.136705497395891,0.0,True,True
hazard,other | 0-34,422,0.0738249016706017,0.0190784408130842,True,True
hazard,other | 120-299,548,0.3111356217975879,1.2698109512900923e-47,True,True
hazard,other | 300-599,830,0.2896755418605632,3.5952993962132523e-62,True,True
hazard,other | 35-119,352,0.3552843039734658,2.915538637594674e-40,True,True
hazard,other | 600+,1365,0.3150617240009059,6.219119406394746e-121,True,True
hazard,period_start | 300-599,356,0.1759850969967737,4.0921646342244894e-10,True,True
hazard,period_start | 600+,10637,0.15373511122969,5.444629498633059e-220,True,True
lgbm_quantile,DREB | 0-34,6552,0.033666768805726,6.908863552960745e-07,True,False
lgbm_quantile,DREB | 120-299,39095,0.0431935940006137,8.10140147580919e-64,True,False
lgbm_quantile,DREB | 300-599,64535,0.0408121239520644,7.746376566933913e-94,True,False
lgbm_quantile,DREB | 35-119,19776,0.0417562833186577,2.1265832476286082e-30,True,False
lgbm_quantile,DREB | 600+,125715,0.0397636531436625,3.7684979955914685e-173,True,False
lgbm_quantile,TOV | 0-34,2984,0.0256178564908696,0.0391299180795983,True,False
lgbm_quantile,TOV | 120-299,18055,0.0429304168582977,2.3667955458110177e-29,True,False
lgbm_quantile,TOV | 300-599,30745,0.0399461088141069,4.592718626405346e-43,True,False
lgbm_quantile,TOV | 35-119,9196,0.0399875674793065,3.2590114057318066e-13,True,False
lgbm_quantile,TOV | 600+,63019,0.0417992079465701,4.130272220086399e-96,True,False
lgbm_quantile,made_FG | 0-34,5322,0.0321697074896361,3.2129035757588666e-05,True,False
lgbm_quantile,made_FG | 120-299,40350,0.0456859228114876,1.2671520818765744e-73,True,False
lgbm_quantile,made_FG | 300-599,67288,0.0462716254020527,1.2378564056762568e-125,True,False
lgbm_quantile,made_FG | 35-119,19323,0.0453965748267022,4.826749486092175e-35,True,False
lgbm_quantile,made_FG | 600+,137113,0.0456571960372969,8.135918733599042e-249,True,False
lgbm_quantile,made_FT | 0-34,4977,0.0428760893913354,2.180461902037454e-08,True,False
lgbm_quantile,made_FT | 120-299,12683,0.0463374268653354,4.1972394003428216e-24,True,False
lgbm_quantile,made_FT | 300-599,16571,0.0467354749396985,6.83172352421721e-32,True,False
lgbm_quantile,made_FT | 35-119,8641,0.0480310048641191,9.19824812499499e-18,True,False
lgbm_quantile,made_FT | 600+,23057,0.0477908468253412,3.336454244064664e-46,True,False
lgbm_quantile,other | 0-34,422,0.1616435421513132,4.2195716364236417e-10,True,True
lgbm_quantile,other | 120-299,548,0.083941605839416,0.0008296151123908,True,True
lgbm_quantile,other | 300-599,830,0.072685849728484,0.0002935326489324,True,True
lgbm_quantile,other | 35-119,352,0.1790549600810703,2.4076147764431424e-10,True,True
lgbm_quantile,other | 600+,1365,0.0717948717948717,1.455078241815095e-06,True,True
lgbm_quantile,period_start | 300-599,356,0.1407126989969575,1.3006356644496272e-06,True,True
lgbm_quantile,period_start | 600+,10637,0.044646905571677,7.301766828601625e-19,True,False
two_regime,DREB | 0-34,6552,0.007975064117564379,0.7957484160771422,True,False
two_regime,DREB | 120-299,39095,0.04471767520274772,2.2618981801682074e-68,True,False
two_regime,DREB | 300-599,64535,0.04224584634113171,1.616247862296054e-100,True,False
two_regime,DREB | 35-119,19776,0.036664152526282634,1.5599913511688418e-23,True,False
two_regime,DREB | 600+,125715,0.04191407102118727,2.4112802002179636e-192,True,False
two_regime,TOV | 0-34,2984,0.025995863519298723,0.034819369307164116,True,False
two_regime,TOV | 120-299,18055,0.043340494156685394,6.588433567093701e-30,True,False
two_regime,TOV | 300-599,30745,0.041895306755035944,2.5019445370478577e-47,True,False
two_regime,TOV | 35-119,9196,0.03429960999364545,7.794934984994975e-10,True,False
two_regime,TOV | 600+,63019,0.04269569070085355,2.925248816482101e-100,True,False
two_regime,made_FG | 0-34,5322,0.024147010448076878,0.003966853383813225,True,False
two_regime,made_FG | 120-299,40350,0.04615348364895466,3.947555934068614e-75,True,False
two_regime,made_FG | 300-599,67288,0.04696832539210105,1.9595828874836902e-129,True,False
two_regime,made_FG | 35-119,19323,0.038768336515216384,1.1375231330616205e-25,True,False
two_regime,made_FG | 600+,137113,0.04617146927818294,1.9086710330926554e-254,True,False
two_regime,made_FT | 0-34,4977,0.007989574578829983,0.9058705616662024,True,False
two_regime,made_FT | 120-299,12683,0.04678231934024235,1.46559952777815e-24,True,False
two_regime,made_FT | 300-599,16571,0.04883950673192872,8.641866429615665e-35,True,False
two_regime,made_FT | 35-119,8641,0.04080597155977972,6.128120137693646e-13,True,False
two_regime,made_FT | 600+,23057,0.04784641943903778,2.6104877077882656e-46,True,False
two_regime,other | 0-34,422,0.07550023971388375,0.015423297921805568,True,True
two_regime,other | 120-299,548,0.07846715328467158,0.0022118011123727914,True,True
two_regime,other | 300-599,830,0.07108433734939756,0.00043097706028741046,True,True
two_regime,other | 35-119,352,0.12920157053176062,1.3925132666378342e-05,True,True
two_regime,other | 600+,1365,0.08683953871705075,2.095714016497728e-09,True,True
two_regime,period_start | 300-599,356,0.09226065776047715,0.00435345638242895,True,True
two_regime,period_start | 600+,10637,0.04531446738559053,2.0318385694570897e-19,True,False
